{"stat.pickup.minecraft.bone":4,"stat.pickup.minecraft.bookshelf":1,"stat.leaveGame":12,"stat.drop.minecraft.redstone":65,"stat.useItem.cyclicmagic.placer_block":1,"stat.swimOneCm":2854,"stat.pickup.quark.ancient_tome":1,"stat.pickup.minecraft.porkchop":3,"stat.pickup.bhc.heart_amulet":1,"stat.pickup.psi.material":64,"stat.useItem.minecraft.stone_slab2":99,"stat.pickup.minecraft.rotten_flesh":74,"stat.drop.cyclicmagic.plate_push_slowest":2,"stat.pickup.minecraft.name_tag":5,"stat.flyOneCm":485691,"stat.pickup.minecraft.clay":11,"stat.pickup.psi.cad":3,"stat.pickup.aoa3.blast_barrel":1,"stat.drop.minecraft.sand":1,"stat.pickup.quark.tallow":8,"stat.pickup.minecraft.redstone":26,"stat.useItem.psipherals.psimetal_sword_advanced":1,"stat.timeSinceDeath":154735,"stat.killEntity.aoa3.nethengeic_wither":2,"stat.useItem.minecraft.spawn_egg":22,"stat.killEntity.aoa3.wither_wizard":2,"stat.pickup.minecraft.mossy_cobblestone":2,"stat.killEntity.aoa3.sea_charger":1,"stat.useItem.minecraft.oak_stairs":10,"stat.killEntity.aoa3.construct_of_servility":1,"stat.pickup.iceandfire.dragon_skull":2,"stat.killEntity.Creeper":1,"stat.pickup.aoa3.lotto_banner":1,"stat.pickup.minecraft.string":5,"stat.pickup.minecraft.beef":6,"stat.pickup.bhc.canister":1,"stat.killEntity.aoa3.cyclops":1,"stat.sprintOneCm":80296,"stat.pickup.minecraft.paper":2,"stat.useItem.aoa3.sky_staff_totem":5,"stat.pickup.cyclicmagic.tool_harvest_crops":1,"stat.killEntity.Horse":7,"stat.pickup.minecraft.grass":1,"stat.pickup.minecraft.golden_horse_armor":1,"stat.pickup.minecraft.spawn_egg":1,"stat.deaths":3,"stat.drop":18,"stat.playOneMinute":371634,"stat.killEntity.aoa3.host":2,"stat.useItem.iceandfire.rotten_egg":22,"stat.killEntity.Zombie":2,"stat.pickup.aoa3.abominator_totem":1,"stat.diveOneCm":30208,"stat.pickup.minecraft.wheat":1,"stat.chestOpened":2,"stat.killEntity.quark:crab":1,"stat.pickup.aoa3.nethengeic_wither_statue":1,"stat.drop.aoa3.abominator_totem":1,"stat.drop.psi.cad":3,"stat.pickup.aoa3.shyre_sword":1,"stat.jump":264,"stat.pickup.minecraft.iron_ingot":3,"stat.useItem.psipherals.psimetal_bow_advanced":36,"stat.fallOneCm":267,"stat.pickup.minecraft.gunpowder":49,"stat.crouchOneCm":3002,"stat.pickup.aoa3.carved_rune_focus":1,"stat.useItem.iceandfire.hippogryph_egg":9,"stat.pickup.iceandfire.fire_dragon_heart":2,"stat.useItem.aoa3.shadow_altar":1,"stat.pickup.minecraft.leather":7,"stat.damageTaken":240,"stat.pickup.cyclicmagic.plate_push_slowest":2,"stat.useItem.iceandfire.dragonsteel_fire_sword":5,"stat.pickup.minecraft.wheat_seeds":17,"stat.pickup.minecraft.oak_stairs":3,"stat.damageDealt":32350,"stat.pickup.twilightforest.trophy":63,"stat.useItem.aoa3.chain_wrecker":31,"stat.walkOneCm":84491,"stat.pickup.aoa3.raw_ursa_meat":64,"stat.pickup.minecraft.golden_apple":2,"stat.useItem.psi.programmer":1,"stat.drop.minecraft.rotten_flesh":67,"stat.pickup.aoa3.wither_cannon":1,"stat.useItem.psipherals.psimetal_bow":1,"stat.pickup.iceandfire.myrmex_desert_egg":1,"stat.pickup.twilightforest.shield_scepter":1,"stat.useItem.iceandfire.myrmex_desert_egg":1,"stat.pickup.twilightforest.castle_pillar":1,"stat.pickup.aoa3.wither_rune":6,"stat.pickup.minecraft.ender_pearl":6,"stat.useItem.twilightforest.castle_pillar":7,"stat.pickup.minecraft.gold_ingot":27,"stat.killEntity.Skeleton":3,"stat.useItem.aoa3.wither_cannon":3,"stat.useItem.psi.cad_assembler":1,"stat.mobKills":34,"stat.pickup.aoa3.chain_wrecker":1,"stat.pickup.minecraft.diamond":10,"stat.pickup.minecraft.iron_horse_armor":1,"stat.pickup.minecraft.torch":3,"stat.sneakTime":1527,"stat.pickup.minecraft.wool":1,"stat.pickup.aoa3.copper_coin":17,"stat.pickup.cyclicmagic.charm_void":1,"stat.killEntity.firedragon":1,"stat.pickup.minecraft.stone_slab":5,"stat.useItem.psi.cad":8,"stat.drop.minecraft.grass":4,"stat.pickup.aoa3.creeponia_realmstone":2}