{
  "build:8": "3.5.327",
  "format:8": "2.0.0",
  "questDatabase:9": {
    "0:10": {
      "questID:3": 0,
      "preRequisites:11": [],
      "properties:10": {
        "betterquesting:10": {
          "issilent:1": 0,
          "snd_complete:8": "minecraft:entity.player.levelup",
          "lockedprogress:1": 0,
          "tasklogic:8": "AND",
          "repeattime:3": -1,
          "visibility:8": "NORMAL",
          "simultaneous:1": 0,
          "icon:10": {
            "ForgeCaps:10": {
              "customnpcs:itemscripteddata:10": {}
            },
            "id:8": "minecraft:nether_star",
            "Count:3": 1,
            "Damage:2": 0,
            "OreDict:8": ""
          },
          "globalshare:1": 0,
          "questlogic:8": "AND",
          "snd_update:8": "minecraft:entity.player.levelup",
          "autoclaim:1": 0,
          "repeat_relative:1": 1,
          "ismain:1": 0,
          "name:8": "Dragon",
          "desc:8": "How to slay your Dragon"
        }
      },
      "tasks:9": {},
      "rewards:9": {}
    }
  },
  "questLines:9": {
    "0:10": {
      "quests:9": {},
      "lineID:3": 0,
      "properties:10": {
        "betterquesting:10": {
          "visibility:8": "NORMAL",
          "name:8": "Main Quest",
          "icon:10": {
            "ForgeCaps:10": {
              "customnpcs:itemscripteddata:10": {}
            },
            "id:8": "aoa3:royal_greatblade",
            "Count:3": 1,
            "Damage:2": 0,
            "OreDict:8": ""
          },
          "bg_image:8": "",
          "bg_size:3": 256,
          "desc:8": ""
        }
      },
      "order:3": 0
    },
    "1:10": {
      "quests:9": {},
      "lineID:3": 1,
      "properties:10": {
        "betterquesting:10": {
          "visibility:8": "NORMAL",
          "name:8": "Side Quest",
          "icon:10": {
            "ForgeCaps:10": {
              "customnpcs:itemscripteddata:10": {}
            },
            "id:8": "minecraft:totem_of_undying",
            "Count:3": 1,
            "Damage:2": 0,
            "OreDict:8": ""
          },
          "bg_image:8": "",
          "bg_size:3": 256,
          "desc:8": ""
        }
      },
      "order:3": 1
    }
  },
  "questSettings:10": {
    "betterquesting:10": {
      "livesdef:3": 3,
      "pack_name:8": "",
      "home_anchor_y:5": 0.0,
      "livesmax:3": 10,
      "home_anchor_x:5": 0.5,
      "editmode:1": 1,
      "hardcore:1": 0,
      "home_image:8": "betterquesting:textures/gui/default_title.png",
      "party_enable:1": 1,
      "pack_version:3": 0,
      "home_offset_x:3": -128,
      "home_offset_y:3": 0
    }
  }
}