{"stat.chestOpened":2,"stat.pickup.minecraft.bone":4,"stat.pickup.aoa3.nethengeic_wither_statue":1,"stat.pickup.minecraft.bookshelf":1,"stat.leaveGame":6,"stat.drop.minecraft.redstone":65,"stat.drop.psi.cad":3,"stat.jump":127,"stat.swimOneCm":1513,"stat.pickup.minecraft.iron_ingot":3,"stat.pickup.quark.ancient_tome":1,"stat.pickup.minecraft.gunpowder":47,"stat.crouchOneCm":876,"stat.pickup.psi.material":64,"stat.pickup.aoa3.carved_rune_focus":1,"stat.useItem.minecraft.stone_slab2":13,"stat.pickup.minecraft.rotten_flesh":7,"stat.pickup.minecraft.leather":3,"stat.damageTaken":150,"stat.useItem.iceandfire.dragonsteel_fire_sword":5,"stat.flyOneCm":145120,"stat.pickup.minecraft.clay":11,"stat.pickup.minecraft.wheat_seeds":1,"stat.pickup.psi.cad":3,"stat.damageDealt":29254,"stat.pickup.minecraft.redstone":26,"stat.useItem.psipherals.psimetal_sword_advanced":1,"stat.timeSinceDeath":68668,"stat.killEntity.aoa3.nethengeic_wither":2,"stat.useItem.minecraft.spawn_egg":5,"stat.killEntity.aoa3.wither_wizard":2,"stat.pickup.minecraft.mossy_cobblestone":2,"stat.useItem.aoa3.chain_wrecker":31,"stat.killEntity.aoa3.sea_charger":1,"stat.walkOneCm":37291,"stat.pickup.minecraft.golden_apple":2,"stat.useItem.psi.programmer":1,"stat.pickup.aoa3.wither_cannon":1,"stat.useItem.psipherals.psimetal_bow":1,"stat.pickup.minecraft.string":5,"stat.pickup.twilightforest.shield_scepter":1,"stat.killEntity.aoa3.cyclops":1,"stat.pickup.aoa3.wither_rune":6,"stat.pickup.minecraft.ender_pearl":6,"stat.sprintOneCm":34170,"stat.pickup.minecraft.paper":2,"stat.pickup.minecraft.gold_ingot":27,"stat.pickup.cyclicmagic.tool_harvest_crops":1,"stat.killEntity.Skeleton":3,"stat.useItem.aoa3.wither_cannon":3,"stat.useItem.psi.cad_assembler":1,"stat.killEntity.Horse":6,"stat.pickup.minecraft.golden_horse_armor":1,"stat.mobKills":24,"stat.pickup.aoa3.chain_wrecker":1,"stat.pickup.minecraft.diamond":10,"stat.drop":7,"stat.pickup.minecraft.iron_horse_armor":1,"stat.playOneMinute":68668,"stat.killEntity.aoa3.host":2,"stat.sneakTime":562,"stat.pickup.aoa3.copper_coin":17,"stat.pickup.cyclicmagic.charm_void":1,"stat.killEntity.Zombie":2,"stat.pickup.minecraft.stone_slab":5,"stat.useItem.psi.cad":8,"stat.drop.minecraft.grass":1,"stat.diveOneCm":23404,"stat.pickup.minecraft.wheat":1,"stat.pickup.aoa3.creeponia_realmstone":2}