{"stat.chestOpened":2,"stat.pickup.minecraft.rotten_flesh":7,"stat.pickup.cyclicmagic.tool_harvest_crops":1,"stat.killEntity.Skeleton":3,"stat.killEntity.aoa3.sea_charger":1,"stat.walkOneCm":3939,"stat.pickup.minecraft.bone":4,"stat.killEntity.Horse":5,"stat.pickup.minecraft.golden_apple":2,"stat.pickup.minecraft.bookshelf":1,"stat.leaveGame":1,"stat.pickup.minecraft.leather":1,"stat.pickup.minecraft.golden_horse_armor":1,"stat.mobKills":19,"stat.pickup.minecraft.string":5,"stat.flyOneCm":62033,"stat.pickup.minecraft.clay":11,"stat.pickup.minecraft.diamond":10,"stat.jump":13,"stat.pickup.minecraft.iron_horse_armor":1,"stat.playOneMinute":6296,"stat.pickup.minecraft.iron_ingot":3,"stat.pickup.quark.ancient_tome":1,"stat.killEntity.aoa3.host":2,"stat.sneakTime":93,"stat.damageDealt":10,"stat.pickup.minecraft.gunpowder":47,"stat.killEntity.aoa3.cyclops":1,"stat.pickup.minecraft.redstone":25,"stat.crouchOneCm":298,"stat.pickup.cyclicmagic.charm_void":1,"stat.killEntity.Zombie":2,"stat.timeSinceDeath":6296,"stat.pickup.aoa3.carved_rune_focus":1,"stat.pickup.minecraft.ender_pearl":6,"stat.pickup.minecraft.stone_slab":5,"stat.sprintOneCm":5191,"stat.pickup.minecraft.paper":2,"stat.useItem.minecraft.spawn_egg":1,"stat.pickup.minecraft.wheat":1,"stat.pickup.minecraft.mossy_cobblestone":2,"stat.pickup.aoa3.creeponia_realmstone":2,"stat.pickup.minecraft.gold_ingot":27}