{"stat.chestOpened":2,"stat.pickup.minecraft.bone":4,"stat.killEntity.quark:crab":1,"stat.pickup.aoa3.nethengeic_wither_statue":1,"stat.pickup.minecraft.bookshelf":1,"stat.leaveGame":11,"stat.drop.minecraft.redstone":65,"stat.drop.psi.cad":3,"stat.pickup.aoa3.shyre_sword":1,"stat.jump":221,"stat.swimOneCm":2043,"stat.pickup.minecraft.iron_ingot":3,"stat.useItem.psipherals.psimetal_bow_advanced":36,"stat.pickup.quark.ancient_tome":1,"stat.pickup.minecraft.gunpowder":47,"stat.pickup.minecraft.porkchop":3,"stat.crouchOneCm":2061,"stat.pickup.psi.material":64,"stat.pickup.aoa3.carved_rune_focus":1,"stat.useItem.iceandfire.hippogryph_egg":9,"stat.useItem.minecraft.stone_slab2":82,"stat.pickup.minecraft.rotten_flesh":7,"stat.pickup.iceandfire.fire_dragon_heart":2,"stat.pickup.minecraft.leather":7,"stat.damageTaken":240,"stat.useItem.iceandfire.dragonsteel_fire_sword":5,"stat.useItem.customnpcs.npcwand":1,"stat.flyOneCm":466273,"stat.pickup.minecraft.clay":11,"stat.pickup.minecraft.wheat_seeds":1,"stat.pickup.psi.cad":3,"stat.pickup.aoa3.blast_barrel":1,"stat.drop.minecraft.sand":1,"stat.pickup.quark.tallow":8,"stat.damageDealt":29508,"stat.pickup.minecraft.redstone":26,"stat.useItem.psipherals.psimetal_sword_advanced":1,"stat.timeSinceDeath":6033,"stat.killEntity.aoa3.nethengeic_wither":2,"stat.useItem.minecraft.spawn_egg":17,"stat.killEntity.aoa3.wither_wizard":2,"stat.pickup.minecraft.mossy_cobblestone":2,"stat.pickup.twilightforest.trophy":63,"stat.useItem.aoa3.chain_wrecker":31,"stat.killEntity.aoa3.sea_charger":1,"stat.walkOneCm":62873,"stat.pickup.aoa3.raw_ursa_meat":64,"stat.pickup.minecraft.golden_apple":2,"stat.useItem.psi.programmer":1,"stat.pickup.aoa3.wither_cannon":1,"stat.useItem.psipherals.psimetal_bow":1,"stat.pickup.iceandfire.dragon_skull":2,"stat.pickup.minecraft.string":5,"stat.pickup.iceandfire.myrmex_desert_egg":1,"stat.pickup.twilightforest.shield_scepter":1,"stat.pickup.minecraft.beef":6,"stat.killEntity.aoa3.cyclops":1,"stat.useItem.iceandfire.myrmex_desert_egg":1,"stat.pickup.aoa3.wither_rune":6,"stat.pickup.minecraft.ender_pearl":6,"stat.sprintOneCm":54290,"stat.pickup.minecraft.paper":2,"stat.pickup.minecraft.gold_ingot":27,"stat.pickup.cyclicmagic.tool_harvest_crops":1,"stat.killEntity.Skeleton":3,"stat.useItem.aoa3.wither_cannon":3,"stat.useItem.psi.cad_assembler":1,"stat.killEntity.Horse":7,"stat.pickup.minecraft.grass":1,"stat.pickup.minecraft.golden_horse_armor":1,"stat.mobKills":27,"stat.pickup.aoa3.chain_wrecker":1,"stat.pickup.minecraft.spawn_egg":1,"stat.deaths":3,"stat.pickup.minecraft.diamond":10,"stat.drop":11,"stat.pickup.minecraft.iron_horse_armor":1,"stat.playOneMinute":222932,"stat.killEntity.aoa3.host":2,"stat.sneakTime":948,"stat.pickup.minecraft.wool":1,"stat.pickup.aoa3.copper_coin":17,"stat.pickup.cyclicmagic.charm_void":1,"stat.useItem.iceandfire.rotten_egg":22,"stat.killEntity.Zombie":2,"stat.killEntity.firedragon":1,"stat.pickup.minecraft.stone_slab":5,"stat.useItem.psi.cad":8,"stat.drop.minecraft.grass":4,"stat.diveOneCm":24153,"stat.pickup.minecraft.wheat":1,"stat.pickup.aoa3.creeponia_realmstone":2}